,0,1,2,3,4,5,6,7,8,9,10,11,12,13,14,15,16,17,18,19,20,21,22,23,24,25,26,27,28,29,30,31,32,33,34,35,36,37,38,39,40,41,42,43,44,45,46,47,48,49,50,51,52,53,54,55,56,57,58,59,60,61,62,63,64,65,66,67,68,69,70,71,72,73,74,75,76,77,78,79,80,81,82,83,84,85,86,87,88,89,90,91,92,93,94,95,96,97,98,99,100,101,102,103,104,105,106,107,108,109,110,111,112,113,114,115,116,117,118,119
France,0.06560789882661844,0.04886377261245629,0.11163626384370744,0.030531165145293696,0.09706823389422733,0.14811392727783979,0.5705947386701029,0.05974139479348061,0.04745618122486009,0.26437934864314805,0.16917969958932377,0.039781017916676834,0.0058705722674114915,0.31155919148547906,0.04933093363972676,0.23913001921655083,0.006430795100410251,0.05718129872567647,0.007994060827015554,0.016081289534298476,0.011537327814384712,0.0,0.05496910155494636,0.019451147451845757,0.06821364859532247,0.046846097736768906,0.022265646208510577,0.00674766181221064,0.07452413062977076,0.02138951779705887,0.020046131964465422,0.14046141535043566,0.007607963469786332,0.021714776918388266,0.027023347501588597,0.02138951779705887,0.01638940961546853,0.0,0.0,0.07751792259566834,0.036938342601935875,0.08918770146415159,0.03602958732291093,0.0,0.003102661566997241,0.039348784703074964,0.04773291120208644,0.029554992943072254,0.027768986020430764,0.04167108902752821,0.008300877016229181,0.0045586346937320985,0.00686591004468711,0.021226543464642714,0.018485492384303196,0.021649798087066845,0.0011047359801143928,0.00025454531300653135,0.0031466500397674267,0.008947140719508138,0.0,0.01590966435287772,0.002925865656685736,0.0036253994816934977,0.0,0.15263296693947787,0.02249173123242793,0.018752774191511473,0.021747252735223346,0.006430795100410251,0.011100569173262995,0.01720615282105731,0.0019717065437628743,0.01727390107819243,0.029738511228244943,0.01515060179305638,0.04340158803274581,0.0014974617559849698,0.003539019579024284,0.005789912150086412,0.016798659282643763,0.017104441408544186,0.016286816929654096,0.06506828691107897,0.484520740172302,0.08288672164565919,0.008871498018641243,0.012438686029903067,0.022974770205380454,0.017544423922569028,0.055209972311656155,0.022103893171321016,0.0,0.023039030109594086,0.05440611063979544,0.017138357119022864,0.015289096639592758,0.031289448069198936,0.004683726975980644,0.029125895080880055,0.00787853837117998,0.0012042664196458904,0.009286304490723919,0.012295216233740133,0.0038401470652469002,0.0014491055752115381,0.008605943945385134,0.003754449656427088,0.002613003135763971,0.012831817683640664,0.002567921489674631,0.00401076532965668,0.012366985809292411,0.025771557845625948,0.002881449154146843,0.005668612938677589,0.0035822447944116485,0.004306981746441652,0.0010041600097556358,0.07026548420621852
Germany,0.06328214936677512,0.07231175065928458,0.1716591224344439,0.060695519197783904,0.11836628572674866,0.18326454572439543,0.5726400178197677,0.06285281604566809,0.05419961412436103,0.2801143868376926,0.28060064622412506,0.04779455100089628,0.006249417741887255,0.3052117282190859,0.04138167988829845,0.2638100532329953,0.008310005851634494,0.11434375053778292,0.018170907834587833,0.02588335268101882,0.008310005851634494,0.0,0.0739681354255087,0.023472879376651934,0.08364085009770308,0.054110632444059066,0.026401608498538228,0.005451543623271136,0.10789636939698519,0.023261112057894013,0.016154978174172153,0.205632540255957,0.006380910573275462,0.03455204113947034,0.022730101829192807,0.018833949795561213,0.014441078303064292,0.0,0.0,0.09264203788638059,0.03669616958938185,0.12593789638087755,0.06779141023355659,0.0,0.003941686811625251,0.02743230675703089,0.040814205258121364,0.019054030883297473,0.03679300547790258,0.03257892591123532,0.00754745487918103,0.004910270613772712,0.0032296683123582263,0.018059984183232448,0.021446071973998962,0.012691766254001398,0.0,0.0,0.001576247143445261,0.015359265277603432,0.0,0.015245017060780804,0.004081915893941315,0.002042627581588383,0.0,0.21780695085721777,0.0427931639050949,0.02835353922531664,0.023048982809748084,0.010172001606986716,0.01304471000587639,0.019602251529015492,0.002042627581588383,0.02014771349546643,0.010537686526373222,0.021875625163182248,0.05773211167219692,0.0002127129671324742,0.005046351265995323,0.005985200541099839,0.014556386210115454,0.01304471000587639,0.02176838400858704,0.06812873905115953,0.13337680062796664,0.07586159493350858,0.013629446716852484,0.016831622316321408,0.022517050637887902,0.014786537031745598,0.0452163340535685,0.022730101829192807,0.0,0.021553607978855076,0.04687736148037123,0.019492830951501425,0.01761506801593899,0.05570723504096788,0.007032583725673656,0.022836487761164773,0.007032583725673656,0.000581777307939588,0.02588335268101882,0.009310377994023233,0.005585639203581042,0.004636488596671457,0.008561773067917992,0.005181913631472952,0.004221487089215273,0.009681125769133098,0.002042627581588383,0.002496045329691959,0.006642712087208362,0.017168154385883445,0.0012560538230157305,0.0030848509110290895,0.0044987515864392934,0.003941686811625251,0.0004017191300841176,0.17094542419870012
Iceland,0.05221157680667722,0.07468882369875578,0.1112352681987653,0.07227454394580096,0.1628191999620915,0.12624346370188044,0.6231906960697421,0.06738909272798162,0.10464099248051552,0.2207321055251516,0.18777905128260367,0.014990669169244677,0.0,0.34673063708493507,0.0841725310905128,0.14078258129594817,0.0,0.09793873133527735,0.004395724881670541,0.02134873558961807,0.004395724881670541,0.0,0.05480188397187303,0.02738910798105187,0.03602246366407374,0.04155678618021381,0.01821676659875645,0.008143392173981714,0.06984156021384735,0.02134873558961807,0.011646454178848093,0.21894481860728957,0.0,0.01821676659875645,0.008143392173981714,0.03602246366407374,0.011646454178848093,0.0,0.0,0.06738909272798162,0.04959375524722876,0.11772928540390211,0.10018534350663309,0.0,0.004395724881670541,0.02440242735026693,0.06491629384519437,0.01821676659875645,0.046946697465451694,0.04426845157501825,0.0,0.0,0.004395724881670541,0.02738910798105187,0.038809125643079916,0.02134873558961807,0.0,0.0,0.0,0.01821676659875645,0.0,0.02440242735026693,0.04155678618021381,0.0,0.0,0.18589635390918277,0.04959375524722876,0.02440242735026693,0.030317201138053685,0.014990669169244677,0.02738910798105187,0.03319324525071604,0.008143392173981714,0.03319324525071604,0.014990669169244677,0.03602246366407374,0.10241931968707609,0.0,0.0,0.014990669169244677,0.01821676659875645,0.02134873558961807,0.02738910798105187,0.06738909272798162,0.25383487926116877,0.08650310130088938,0.004395724881670541,0.011646454178848093,0.03602246366407374,0.011646454178848093,0.1112352681987653,0.030317201138053685,0.0,0.038809125643079916,0.05221157680667722,0.014990669169244677,0.04959375524722876,0.02738910798105187,0.0,0.05990591460783836,0.01821676659875645,0.0,0.04426845157501825,0.004395724881670541,0.004395724881670541,0.0,0.011646454178848093,0.008143392173981714,0.0,0.008143392173981714,0.008143392173981714,0.011646454178848093,0.004395724881670541,0.03602246366407374,0.008143392173981714,0.004395724881670541,0.008143392173981714,0.0,0.0,0.12624346370188044
Iran,0.04181146298172098,0.1086275265684188,0.24626299900038792,0.04611094509623164,0.15807236961798693,0.09108032913120039,0.6904618055361891,0.04611094509623164,0.028260981321073343,0.11541914180209735,0.14726667599828142,0.01910474030054817,0.004229886167539772,0.3849732413101459,0.018680618940634712,0.11779638761407625,0.006315814415449902,0.05222614436261164,0.01739754486576283,0.010686919303447276,0.01739754486576283,0.0,0.04361421839040906,0.013887651813411181,0.06464879016043446,0.04857784645504976,0.016532728961212446,0.001375419662265487,0.058348174355538476,0.01522019786765261,0.00528777571253813,0.12798431659449844,0.010452629066422844,0.027275242424830544,0.16564333291723315,0.12744000802863661,0.04017440039725549,0.0,0.0,0.08318860019788177,0.11849287589457336,0.08685473966432396,0.06562975820282989,0.0,0.0036872200258624135,0.06611889207835044,0.12402187402825622,0.008545507802484037,0.02943495435772922,0.006315814415449902,0.010217484824513581,0.003133401064912464,0.012075853523566623,0.018041135377759334,0.006820434564864053,0.0070706324354030264,0.0,0.0,0.000733876955037808,0.0036872200258624135,0.0,0.00902812202503979,0.000733876955037808,0.0,0.0,0.12043662367717588,0.023258435548704232,0.02099274800916622,0.05084340640182374,0.010217484824513581,0.016966116541235327,0.03778395050595982,0.013438650476214642,0.016097322736399532,0.007813432600408643,0.012075853523566623,0.034608444936501316,0.0,0.00528777571253813,0.0016821183422188932,0.007813432600408643,0.0203670250746876,0.022644805199147043,0.07382910653901574,0.18865025271281044,0.02767036830100135,0.013213195141115085,0.019947901700323907,0.05239839109352274,0.03137112158340874,0.02982419148789763,0.02120055075815393,0.0,0.013438650476214642,0.034419791503133255,0.015440289299652035,0.013887651813411181,0.014778340390711837,0.0025661708289107157,0.0019821113846464006,0.000733876955037808,0.0,0.0073194978488731605,0.000733876955037808,0.001375419662265487,0.000733876955037808,0.0073194978488731605,0.0034118263892028056,0.0,0.0,0.001375419662265487,0.004763004666580915,0.007813432600408643,0.024274400401575972,0.0019821113846464006,0.004763004666580915,0.004229886167539772,0.001375419662265487,0.0,0.08318860019788177
Japan,0.25450297014515144,0.13999733881256143,0.190330395216125,0.30074787154889077,0.2856803588364167,0.1703365665494217,0.2621633724769744,0.052257079037213765,0.02651635303421513,0.11174189662509172,0.46371657670573946,0.07297970575943118,0.002761777422820743,0.2064209415788975,0.04790185089223435,0.07687861248767722,0.013304556803292506,0.18396361097227273,0.11147468643993245,0.03202812435894125,0.02506579214467983,0.0,0.123657656942433,0.013689407720854365,0.030653358679767116,0.035463176339965014,0.0404407682991596,0.006676284633905461,0.14179258055503577,0.03739670478903786,0.011816673465115285,0.15378298105974264,0.002727291864361034,0.011970957390900787,0.010255426192059451,0.039480458040470755,0.01601703560298577,0.0,0.0,0.045219689724048474,0.01763393695078093,0.08529363590558663,0.020578001009295514,0.0,0.0054505457845640355,0.09298628196252513,0.033707426712403184,0.03609842343464237,0.0658726718286872,0.04091356644283867,0.010755969270175381,0.006676284633905461,0.004751246413182426,0.018979545717003773,0.017870326750457938,0.01255718660245036,0.00031028524885596853,0.00015225412935109616,0.00046056281526125995,0.09370468683133744,0.0,0.01156351799007567,0.0026235024669974166,0.0003538360970026157,0.0,0.07976229334392879,0.013387174968314004,0.013428453119108816,0.008597529236642606,0.008227716530391047,0.004863398219568151,0.00991001384863909,0.0003538360970026157,0.012152887716915306,0.006569049613401631,0.026565264833176904,0.08541766189457335,0.0003538360970026157,0.004863398219568151,0.009228131624872848,0.04000073496348004,0.04487797000434026,0.04461304079266124,0.11082375987153083,0.30804338664381903,0.13113242674427844,0.02883388659723388,0.04948515114842901,0.031057508470427996,0.077328434392182,0.04600032156487249,0.042202500075734284,0.0,0.02950667920029748,0.03527795702481937,0.016243935617214548,0.00577986216786502,0.017014125300470678,0.009038189566128228,0.009722144944070513,0.006292136432631982,0.003086788614056603,0.023949064374034622,0.010068553929048964,0.011718326856254752,0.004477351208497902,0.013661977048378935,0.01026977914280769,0.006338407535226859,0.0032223120909487175,0.026296042967979525,0.024160714603240135,0.013552164710370114,0.025534565102601683,0.00502300566259226,0.009286455880826635,0.010784461232283299,0.011011978261801591,0.0018085895167496164,0.06785444713630678
Mexico,0.07381020080662828,0.04490799662237834,0.11648136073315858,0.04563810316618102,0.12220783230123383,0.23233309726651757,0.5160487543150155,0.04560894740513559,0.061326494972770505,0.15607916997859145,0.16100106188086036,0.02984577881788553,0.002733621384790521,0.44548963217830395,0.052214626012565366,0.21976208736159805,0.007874919996518879,0.04991043688576696,0.014503762080369773,0.023739145911569434,0.013775816794558575,0.0,0.09789904345377151,0.026272618596626024,0.061190024511412776,0.037153066623026004,0.03833647578130405,0.0067438664333453,0.11436870070071278,0.08182420848308344,0.01985768650550094,0.19220172143632572,0.011174180938910228,0.033585969382427264,0.04296809221032084,0.04326320020116852,0.02129001815274077,0.0,0.0,0.08093240862371902,0.08770013123096244,0.16404009047070206,0.07430580462618912,0.0,0.0043886506935770005,0.06944468594845722,0.08316999795255516,0.0593269126725253,0.10133188385119236,0.046307583562540555,0.012337340633062275,0.0054578639678497815,0.008074251935254628,0.03405140069372324,0.027764060754339494,0.013775816794558575,0.00013799887063882762,0.0,0.0006593048107755333,0.02172979369931886,0.0,0.02081456203025516,0.010183485257739615,0.0005490323025472826,0.0,0.18635993553713354,0.0479578060270229,0.0263052100759406,0.039271769487522395,0.016510610431361625,0.02196592416796159,0.06915308820291913,0.00921633984574121,0.029048553237758127,0.018927107721858027,0.02267156200672481,0.0495384551795641,0.0007136908634892588,0.011626654716729877,0.014937581033120756,0.02486377673727511,0.03534788775783463,0.0424654172338756,0.10521032970588999,0.2266879702760348,0.15247860771012228,0.026793169167757796,0.04723556898883547,0.05028180824220079,0.04112866043843387,0.06341932926908522,0.042050501678605606,0.0,0.03067051069369348,0.08652316178572363,0.03534788775783463,0.036787388337439185,0.07602111964313905,0.004258041868310043,0.01999488179173476,0.008312471864139364,0.001539157396942796,0.025356901398555957,0.007029111538064844,0.007393363267699712,0.004948690524980557,0.008272841303455737,0.010756819316054357,0.0031461261150627262,0.0038185933766667493,0.003327165882762813,0.003907008492572408,0.012113649725465662,0.018058177266319617,0.003506916105561593,0.00507664876699065,0.008470708284707876,0.00477735446935484,0.002027165613956484,0.061544700825469506
Morocco,0.031266935180902164,0.031266935180902164,0.10159227838990185,0.04930577990093982,0.0893514858133453,0.168435338562838,0.7612329265885212,0.028193184451580873,0.03278057194949449,0.14949184078804736,0.10557896463192214,0.028193184451580873,0.00871471516997005,0.30920639113846704,0.024253205749150648,0.07663222094510559,0.0025468748275293876,0.03650341585136662,0.017669681271735547,0.017669681271735547,0.006765259119916673,0.0,0.035024328668067733,0.014210324463355685,0.03427984510797081,0.022642684059224188,0.00871471516997005,0.0013654864225239125,0.047228756675554644,0.02101000357277428,0.010597062342201308,0.13395966945673773,0.009663281714700742,0.026631108533187592,0.031266935180902164,0.023450601585869663,0.01242593013472272,0.0,0.0,0.06268473663539796,0.06268473663539796,0.07414767593803959,0.014210324463355685,0.0,0.0025468748275293876,0.04653180887239023,0.040147025159113,0.03576549191603695,0.030504477370173637,0.0159566461997926,0.01242593013472272,0.005758776214896749,0.005758776214896749,0.014210324463355685,0.025050701012080522,0.025050701012080522,0.0,0.0,0.0,0.0025468748275293876,0.0,0.006765259119916673,0.014210324463355685,0.0013654864225239125,0.0,0.18002781551337876,0.022642684059224188,0.015087915238011519,0.017669681271735547,0.005758776214896749,0.005758776214896749,0.00871471516997005,0.06072488986774466,0.007749505292992372,0.0047255536200219005,0.01242593013472272,0.03576549191603695,0.0013654864225239125,0.005758776214896749,0.007749505292992372,0.023450601585869663,0.010597062342201308,0.020184737109626903,0.06333467064017646,0.34540589243736053,0.043010609919272955,0.009663281714700742,0.013323239988445167,0.026631108533187592,0.014210324463355685,0.08153958811396946,0.03202559822813922,0.0,0.022642684059224188,0.040147025159113,0.009663281714700742,0.0047255536200219005,0.021829231653382887,0.0013654864225239125,0.01935314450921824,0.0036587765862359923,0.0,0.015087915238011519,0.006765259119916673,0.007749505292992372,0.0,0.015087915238011519,0.014210324463355685,0.0,0.0,0.0,0.0013654864225239125,0.021829231653382887,0.01935314450921824,0.0,0.0,0.0025468748275293876,0.006765259119916673,0.0,0.047228756675554644
Nigeria,0.04285773081037297,0.04655986564453203,0.171903913282921,0.04539622201695564,0.06508108587729881,0.23867766151363073,0.8038732057553808,0.03522628928546107,0.019341976961559895,0.05821698556645576,0.10941745841071526,0.02067832152572744,0.0052080180381174086,0.16818190167340577,0.006249500591534642,0.07684506491805423,0.003080981388128921,0.03692902657904952,0.016983646163712198,0.00969238331856376,0.005040887541195583,0.0,0.04167183405894986,0.016246238359408513,0.02914075058804624,0.013040540121729846,0.021998603008750155,0.0030210932206874907,0.049348206166943305,0.01054533379003482,0.006303567006754689,0.08917088629636749,0.010245626903257608,0.011779577442317614,0.02814366921423769,0.03613919161768946,0.008775767647513186,0.0,0.0,0.09305962989552886,0.11079480741798946,0.13568557586139693,0.016799843329244595,0.0,0.003437149113563645,0.04975407296446816,0.045320916915156,0.04159506875246045,0.009540616410889418,0.012654850182427657,0.00742383119463623,0.007581677427596667,0.006086876884521894,0.005429654091486743,0.004477778941967204,0.01785188926847308,9.442222620777292e-05,0.0,9.442222620777292e-05,0.0033190081166910614,0.0,0.0036717969418103187,0.0017837190583873327,0.0004144274713581656,0.0,0.0637300935637068,0.010644923833388404,0.007948029829529413,0.0306235500582058,0.010893231650689363,0.008363514957414272,0.022129792065212903,0.002474457726130636,0.012218539807086018,0.008980736470786937,0.015222374479186864,0.02739116930974967,9.442222620777292e-05,0.006303567006754689,0.007159591524239212,0.008929564850946594,0.016477312212990473,0.0428195910397534,0.08891634500606548,0.30225898471261026,0.0257462861161819,0.011436256345836403,0.023390454284744844,0.027474983532928536,0.022870424820166674,0.12991886545524275,0.04452849022678516,0.0,0.016569578837636777,0.036731910422968084,0.015456117986174791,0.004534528078825853,0.010794021907716845,0.0022888354360704973,0.025065470780515183,0.002597200195116682,0.0005633152177614036,0.0022265352383812,0.009843766196474198,0.0035547385763646465,0.001524569714925811,0.004534528078825853,0.0029008353469549375,0.0012599253915743325,0.000337940104817715,0.0007080492315627564,0.0013266636630954152,0.03070549166308355,0.014138787346867705,0.0016547684941029181,0.0010570700354993981,0.002038260992990514,0.002779910425655439,0.0007080492315627564,0.07948176874366177
Panama,0.044808530908790146,0.04396861423163014,0.10759715460444745,0.04452894097752724,0.09882163475513597,0.31975215511190686,0.626424495948002,0.07432253020533733,0.04689357758027316,0.11496251696654929,0.09801344405878068,0.017425249699696575,0.0005824717311215205,0.40602237447345857,0.04213673428033225,0.08971044116085487,0.00484963022635653,0.031199634815918004,0.011883124531850848,0.016412189633673496,0.011343390332807127,0.0,0.06408274521472727,0.01624229819701343,0.050188091341239235,0.03740711228539051,0.023308115593980595,0.010067259576711719,0.09289116572837396,0.05570777117182942,0.02630055713158116,0.1837267389559331,0.011523757025351068,0.023148673544933763,0.048547032251421644,0.033145794228740685,0.021056626536200385,0.0,0.0,0.0634381135435928,0.056637458886291396,0.12877086133937368,0.04340673904766172,0.0,0.003378661134963204,0.04213673428033225,0.07220359292460092,0.07790296515564375,0.08119948014381183,0.05303154154588781,0.016581775765126087,0.0044365269067623975,0.007624212168914156,0.016072097776592943,0.019750233917874737,0.01792788802427042,0.0,0.0,0.00030901164694024013,0.014352221447050634,0.0,0.02968600912230451,0.0035934542075873564,0.00030901164694024013,0.0,0.10782239804121009,0.023785226921932127,0.023785226921932127,0.03711654996746832,0.01624229819701343,0.022829172304943798,0.066646004489984,0.012062141139514756,0.023943864350841493,0.02007826600294773,0.030444685969457222,0.054105650851667145,0.0,0.0072383387961254785,0.007816038853186593,0.022348352364086086,0.024891598143702186,0.033145794228740685,0.08649969880067326,0.2936826967550489,0.07654983175679957,0.01624229819701343,0.03784207882327377,0.049095404744254584,0.026456207024016923,0.12295514717919093,0.0497789617563505,0.0,0.020894151144759156,0.06575160308552584,0.034479670764452214,0.02346735410889351,0.04606204099255013,0.0054602485414633785,0.014004119641264719,0.018094878597161572,0.002722693014690916,0.026144730375456164,0.009512535011924882,0.007816038853186593,0.002273973778127287,0.006259600391300971,0.007431652669730179,0.002273973778127287,0.004227983491423935,0.0008425131000982412,0.0020454744224144036,0.01043438465867901,0.022829172304943798,0.0018137610371379612,0.0010938403367251213,0.0035934542075873564,0.002722693014690916,0.0008425131000982412,0.035803105308817654
Poland,0.07254072522905705,0.0739553590838691,0.18094398747305784,0.05227462126914373,0.07360236323480412,0.2811716887155762,0.5805183066281894,0.11804367171932213,0.05532870062909262,0.3761713397933218,0.22448936726253274,0.08172936011038623,0.014854399020632516,0.26589866171815785,0.039733956544479664,0.23113611336676845,0.0036852344041220747,0.07618094313860252,0.03447495483968452,0.01745984342177319,0.005282833261294605,0.0,0.06082635448410397,0.01729914473276185,0.11065064184738564,0.02918574092501746,0.036570146213754026,0.00586311547352933,0.07159366536709771,0.02015287338597339,0.009193071732652835,0.15840168022808693,0.0050873619436194815,0.015348751514873143,0.026245109469594657,0.016491530280407167,0.01130529524199034,0.0,0.0,0.06316268901827012,0.026245109469594657,0.05227462126914373,0.04163289085497822,0.0,0.0010609291434222352,0.01335343091117543,0.02787018704631403,0.010258090712996448,0.010783792285914574,0.01825937443222536,0.0056706696432798,0.001298069069765728,0.003062218203026439,0.010958081699564805,0.033346500611181926,0.013521598582884967,0.0038896118845439063,0.0005653697073090468,0.0019822377444527538,0.013015995435024658,0.0,0.01130529524199034,0.004092507407685934,0.0010609291434222352,0.0,0.2598681844047252,0.019052544470934574,0.02293278181273023,0.02338969452372396,0.02889444905304797,0.010958081699564805,0.021242079985814524,0.003062218203026439,0.024750282356439796,0.01501950058393344,0.05240270366278905,0.04484456767488024,0.0032716502215817864,0.005282833261294605,0.0038896118845439063,0.005477255161320081,0.00586311547352933,0.014023963473343512,0.056085906175526994,0.08092659436106814,0.06572027487008977,0.011822820771153845,0.01335343091117543,0.02323758298550699,0.01335343091117543,0.023085279241354503,0.013521598582884967,0.0,0.017940343525472136,0.039870246852937455,0.029476443807347267,0.03461546065282443,0.04337916185449108,0.0038896118845439063,0.007924809207400366,0.00586311547352933,0.0019822377444527538,0.008833712220857463,0.007185836463923017,0.0032716502215817864,0.0008174272678525066,0.004294003391880509,0.004693084280595234,0.003062218203026439,0.0019822377444527538,0.001757993085383645,0.003479282226757398,0.0077411060855892685,0.010081881932691937,0.004693084280595234,0.0036852344041220747,0.006623893208169507,0.0036852344041220747,0.0008174272678525066,0.1483464002279144
Peru,0.04970554172473184,0.06782879523148047,0.12571746837568096,0.06491569682579738,0.131221183916743,0.2087354405150202,0.5035152098595896,0.05670577889856487,0.062253745665885325,0.13481537597085771,0.19816833128228714,0.03831052888561291,0.006653118673401277,0.4308347956670709,0.053085093677185426,0.15782054696823722,0.008105395925536817,0.03971195098759541,0.021548934073304656,0.026171917220270798,0.014153420106286735,0.0,0.0855273497742256,0.024308115728674248,0.050001357195053435,0.033881389555974764,0.038778811232034374,0.0053707901563522465,0.11895008190461917,0.08604892095257129,0.02102466196972825,0.2241556923582808,0.01302124451916056,0.02600352021492084,0.040486153775307426,0.04955749146143228,0.022244438977216962,0.0,0.0,0.08211746403221011,0.07827235437814418,0.17227938613592605,0.06505509585237697,0.0,0.0011607351359821487,0.066861058654277,0.08825685086880432,0.07720355463384015,0.06961751535001015,0.053667987668092894,0.017103671153003472,0.01051005444507404,0.005587295188686775,0.021374432394531837,0.020321983218163305,0.025497104201933983,0.0,0.0016753763136887862,0.0008938681600099021,0.031298924415172735,0.0,0.016921941257341422,0.00426857353675795,0.0033584227873676474,0.0,0.1376938812999799,0.041411204671128535,0.03146151629110726,0.040794982969534654,0.022417701123913773,0.021897182275477864,0.05984974770174289,0.008105395925536817,0.020849388322010932,0.015640251464986033,0.021897182275477864,0.03940140628065024,0.0011607351359821487,0.009917606932943695,0.014153420106286735,0.026508107863554377,0.02933475560343334,0.05162165752674563,0.12806766900676372,0.3320487744613346,0.1288873499010945,0.038778811232034374,0.06393795392754885,0.05103375281420471,0.028011295407438658,0.05928093398529224,0.04627561093955948,0.0,0.03015613979228244,0.07478549064919002,0.038622845362324534,0.02701090748601874,0.04612527479619053,0.00515305666121399,0.015640251464986033,0.006863236382789343,0.0019254530164560277,0.025834920073291072,0.006229952213967551,0.009319628953097025,0.0014207757176612891,0.012640326037712176,0.012449171998297984,0.0033584227873676474,0.0028913884231163227,0.004934036161771703,0.004043687176829833,0.016557476646166292,0.01961498061383543,0.004713664255381603,0.002171656930189607,0.0053707901563522465,0.006653118673401277,0.002414474885106523,0.05699318380855574
Portugal,0.026305608238718345,0.03978596612005307,0.07632930118655962,0.03310434832583824,0.1210900263501272,0.10227603914851235,0.8039464856750516,0.037428542901477686,0.05102166557930106,0.12357255072254551,0.11535885363951646,0.02732041380445715,0.006331974139936433,0.29342884370058725,0.0358396285283179,0.16755391181038348,0.0031825134937280004,0.04517623419686779,0.059161841215241776,0.02163954630649469,0.010267269003664585,0.0,0.06313375133747438,0.022341926355721263,0.04395697678311937,0.029494647457048207,0.029162248205880145,0.005898744240271014,0.057440436037910915,0.019864714983604162,0.026982967727868564,0.13987944059674282,0.00823219975464983,0.020043464290927522,0.020043464290927522,0.02999186627149772,0.018060633414677958,0.0,0.0,0.09307970439490498,0.049686542931422724,0.14686606145577222,0.03196476880145099,0.0,0.002212594969764154,0.03407483480688353,0.04789376322019272,0.053960913725189366,0.11197764694033563,0.031309909325026426,0.005680400327627512,0.0047942524566953705,0.0031825134937280004,0.0156658752841084,0.01603825768789316,0.017330072483939165,0.00033485971461864265,0.0,0.0006308625336385363,0.011457318043281331,0.0,0.015104408163343446,0.0024594569298016975,0.00033485971461864265,0.0,0.10954462103418397,0.012433782069128343,0.01358909318973392,0.031145767161142358,0.00885022389701451,0.011062956257677201,0.014350150253461503,0.00033485971461864265,0.014728103719220951,0.011457318043281331,0.016778576113704587,0.025112051476255934,0.0006308625336385363,0.005898744240271014,0.005460837364423495,0.010267269003664585,0.013013576381494023,0.023561365499281645,0.09587618981476656,0.1802605100336232,0.052054668578710155,0.007606959219896651,0.02304022851319166,0.025112051476255934,0.017696020377264903,0.07335842271066748,0.03679469050788083,0.0,0.0358396285283179,0.039003506578258094,0.010267269003664585,0.012044763892345708,0.02057799014490535,0.0029441316080048665,0.02562487629214596,0.005460837364423495,0.0011840112760795748,0.011849480886614193,0.0024594569298016975,0.002212594969764154,0.001962220162427907,0.018060633414677958,0.011849480886614193,0.000912199060228247,0.00033485971461864265,0.0017078274336602471,0.0024594569298016975,0.015479110713748698,0.02528321321241605,0.0006308625336385363,0.002212594969764154,0.0029441316080048665,0.0011840112760795748,0.0,0.032454147430424615
Russia,0.06022951557714843,0.11324127923872376,0.1624594170420902,0.07776541826763171,0.16443561474062696,0.22775205396753223,0.6721118018566468,0.050800550385627634,0.07355793469881794,0.17057397320930023,0.1744754451697204,0.03865764210693459,0.005445521218845606,0.3216340461503946,0.035988639301552355,0.17008231972880963,0.004239661002564551,0.07143239449698724,0.011614296966284568,0.02591568762662058,0.007845693731544364,0.0,0.05997810695376188,0.022790192755661052,0.07790338689676939,0.05446974898994069,0.023248567085041007,0.004994082928306132,0.11200531140131183,0.025541465296951435,0.01698422620054947,0.16737810656530588,0.006018347834834015,0.021198211828891065,0.029410629779929243,0.035074504301846006,0.013507680628250066,0.0,0.0,0.11506161561776145,0.044268191815939405,0.08829905418038993,0.05145218734795827,0.0,0.0025991654809084876,0.053933660883239476,0.04881260621806581,0.021868355413265282,0.04119854831111765,0.020732038078615463,0.0063959048383045525,0.0033640531171569028,0.006521037473836733,0.015248933745878697,0.010489412921854398,0.021456403635320146,0.0002024838203724427,0.0,0.0005545947741158283,0.012862881813608756,0.0,0.01924319263823579,0.003226808883641279,0.0013912920958415087,0.0,0.16547695337067989,0.028850134984268014,0.03596525851364317,0.026338589982369372,0.010692667254005875,0.014175169834024203,0.025091045265312407,0.0018781213463974662,0.012184387099119258,0.016742089813697094,0.01908530930034064,0.042513314420882076,0.0010029793148322813,0.004272824125181542,0.006018347834834015,0.012637376089104849,0.018742438562188515,0.023857181150787485,0.06415839598765626,0.21481712996097438,0.09418958808274207,0.013925482176072198,0.021146505956546387,0.027525891801632663,0.01794696038800887,0.047779005289141294,0.024815049532101296,0.0,0.019715487291819773,0.03399013369518724,0.012834728945694011,0.019453350538378034,0.034650991336231805,0.007936819699174385,0.01423055679547443,0.004994082928306132,0.0008026304154281826,0.011757232228886113,0.005058912295510975,0.007601911636556023,0.008600428594393219,0.012269527038998149,0.007784855288641636,0.0025991654809084876,0.002563763009775953,0.006583473282279277,0.009728928814611149,0.04051508051634402,0.0621699121449102,0.008329919104519776,0.01215598583045406,0.009963879049824341,0.011385013227229833,0.0019148974513173117,0.09970865865829052
Serbia,0.13894378037884064,0.07462962475833582,0.19269803969347352,0.044856670238586735,0.03838558216174925,0.16042928160456282,0.7154958776063453,0.06449989702973918,0.06269799438478409,0.2587723168233275,0.19366366135772276,0.04436663196169143,0.040901107546797266,0.26134358597405133,0.02738275419193736,0.27067923367377433,0.007726391546124455,0.04583313401956859,0.018363897668479068,0.00906792942511537,0.0658430829733651,0.0,0.06673471301437364,0.02068565999512781,0.06717939847926623,0.03271885765952765,0.019531206223067747,0.0018450303686085997,0.08856781710714047,0.026837977846952694,0.011023214114178203,0.09752965093418998,0.011023214114178203,0.019531206223067747,0.022395026646409705,0.01598674755986947,0.014774498868189613,0.0,0.0,0.06939176777067568,0.03583364342710561,0.1163182668806315,0.030607578831027174,0.0,0.0009870632769096934,0.03989908893612702,0.0348019970707438,0.019531206223067747,0.011023214114178203,0.012294830897496542,0.014161821240141034,0.0009870632769096934,0.002654270911911204,0.022395026646409705,0.012922246291662883,0.002654270911911204,0.0009870632769096934,0.0,0.005640977099971582,0.017775130326123354,0.0,0.012922246291662883,0.004185936236089194,0.0009870632769096934,0.0,0.1729896650908752,0.02068565999512781,0.008401399208706532,0.03736933824872122,0.006347351992748101,0.02182808951912296,0.013544485509427813,0.003431868366795625,0.019531206223067747,0.011661934503809906,0.03787819930939344,0.050170497221828356,0.007726391546124455,0.004185936236089194,0.011023214114178203,0.017775130326123354,0.008401399208706532,0.014774498868189613,0.054889444586725775,0.081467669407485,0.06405061192677479,0.013544485509427813,0.031666871072585735,0.021258330044247216,0.008401399208706532,0.036347085344065576,0.021258330044247216,0.0,0.012922246291662883,0.041400082438908456,0.03324219833626688,0.014161821240141034,0.02738275419193736,0.004921253268190046,0.013544485509427813,0.006347351992748101,0.0009870632769096934,0.01598674755986947,0.006347351992748101,0.004185936236089194,0.0018450303686085997,0.007042055979279984,0.009726690366931794,0.0009870632769096934,0.002654270911911204,0.0,0.0009870632769096934,0.0018450303686085997,0.009726690366931794,0.0009870632769096934,0.002654270911911204,0.0018450303686085997,0.0018450303686085997,0.0,0.12499857810801716
Senegal,0.008901034347789718,0.010360197168046028,0.0334981275764203,0.011076376972863337,0.039112382696759936,0.08838855692719755,0.7954883860572414,0.017868909304417018,0.01317883883965293,0.029144654621039438,0.07180969138416818,0.01317883883965293,0.0005888882765638154,0.19789668770556793,0.0068249599899101315,0.060090571894663554,0.0005888882765638154,0.03364099747029696,0.0025082404082141414,0.002283116348320096,0.0015880127373077548,0.0,0.023877905425607165,0.005848104858755333,0.016389911663115975,0.00380937084752918,0.006437057945149469,0.00031323029171901907,0.04467644007643165,0.01420712164414472,0.005450315584249674,0.06535654998702888,0.0027306496637871484,0.00853006935788766,0.0068249599899101315,0.02107478915031764,0.0062417203667445905,0.0,0.0,0.028108708331675007,0.044943453416116524,0.06353308473662356,0.0060454146292336745,0.0,0.0008503648289652113,0.055711830326734504,0.03897439697727989,0.05909734886679752,0.013006055785368483,0.01213575231922125,0.0040195239894515854,0.003168272424060113,0.0018234362398057062,0.005048003951957847,0.0029505916333701734,0.00853006935788766,0.00031323029171901907,0.0,0.0,0.003383866331491854,0.0,0.0025082404082141414,0.0,0.0005888882765638154,0.0,0.04903426951213148,0.0060454146292336745,0.005649752419950797,0.026011527078018216,0.0020549746512614807,0.003383866331491854,0.010360197168046028,0.00031323029171901907,0.0062417203667445905,0.00380937084752918,0.009998895803518005,0.024338359989001735,0.0,0.0020549746512614807,0.0027306496637871484,0.007400318762041386,0.0048450263960741966,0.013351211231399752,0.027064459193495986,0.5172278694856348,0.016389911663115975,0.005048003951957847,0.00443513339957308,0.015221837375278002,0.00796849395434699,0.07902257225864709,0.01589130023061962,0.0,0.013523179090359203,0.014716106105056243,0.007779862345808368,0.005848104858755333,0.002283116348320096,0.0013480509712926272,0.039112382696759936,0.0005888882765638154,0.0008503648289652113,0.002283116348320096,0.00031323029171901907,0.0011026319393791857,0.0,0.0020549746512614807,0.0005888882765638154,0.00031323029171901907,0.00031323029171901907,0.0,0.0,0.010360197168046028,0.00815639296853593,0.0013480509712926272,0.0,0.0013480509712926272,0.0011026319393791857,0.0,0.020123849374518648
South_korea,0.05485254772242363,0.08164831248302593,0.12639764987931898,0.14674696171645998,0.14104818648553555,0.18524899422422425,0.5505331880591289,0.05172747827845169,0.04764676791920882,0.08585879817194346,0.20668130776553054,0.05329512601599771,0.0056098885077824736,0.37497905703235596,0.05037536204840896,0.19895107713648322,0.016456093918217986,0.09217580448852353,0.03194749895573428,0.03732767331320789,0.03852798246540396,0.0,0.10543081113998465,0.02112102960748393,0.03343171383343917,0.04019561621451406,0.03416889667457606,0.006594230922928979,0.12943732784012346,0.03636172032386176,0.013604696656899468,0.11512686230412283,0.004939923169650838,0.018126216797218014,0.022456823818541347,0.03563382377194932,0.02351506390337605,0.0,0.0,0.04066943062166141,0.02969518424920213,0.07181087829222596,0.02969518424920213,0.0,0.0004875657969339303,0.06033629748775226,0.04992288442080246,0.024564585443056636,0.04161362780625594,0.031200289371200726,0.010649969755453747,0.007557505604101108,0.004600212123875001,0.015326418590524162,0.011548894108703087,0.028429542878388152,0.0,0.0,0.0,0.01729465208402165,0.0,0.01729465208402165,0.0021003369734057583,0.0009169916347525005,0.0,0.0775870166907605,0.008189516696899437,0.02085205544754135,0.013894072066779652,0.007557505604101108,0.00973885045344969,0.027152974919777473,0.0028416923271699433,0.015041814334145592,0.008189516696899437,0.013022851236622031,0.04603938272908759,0.0,0.004257002095488472,0.006917493988156753,0.014756298286043017,0.01895115648420829,0.03244372639287843,0.11086713643041973,0.47103272144624314,0.05507422212481385,0.013314298240324464,0.03804879314621583,0.030198504419518622,0.0200413388536224,0.08285679551566365,0.034413915421494974,0.0,0.03169881504973594,0.03732767331320789,0.013314298240324464,0.0178497820516693,0.016174950643534653,0.0017177033512742808,0.027664950309265475,0.005276404940532366,0.0013244729083148304,0.008814224810709327,0.005276404940532366,0.006268636706832104,0.0013244729083148304,0.02112102960748393,0.003909974151234717,0.00355874527748361,0.004600212123875001,0.00247452593928358,0.0028416923271699433,0.03465858467174084,0.027920259102626403,0.0021003369734057583,0.007874464640707984,0.007238548711315832,0.005940574059251362,0.0004875657969339303,0.07553659936244979
Spain,0.05119865974948238,0.05152404526229911,0.12854111157790132,0.03720098021621708,0.11495726458689155,0.22679418135996857,0.6179606263586279,0.03456896402352347,0.051320732527260826,0.2162340831744943,0.1741370569254116,0.023873188468118308,0.005180760497405891,0.41588963076132507,0.0458446754066511,0.3079246761080531,0.009232517368982045,0.05710819946423481,0.011097916657355048,0.030679090638291,0.01448316429222884,0.0,0.07333187869676695,0.02040867482369717,0.10458976150778418,0.044590317638713274,0.035054444499266,0.008164769846883963,0.1020494673529603,0.03806985869493673,0.019082623309071206,0.1553110382814614,0.010881172077168806,0.018835292295879807,0.0154107353051583,0.021671210459526444,0.014690132885488087,0.0,0.0,0.07471485935866751,0.04294833209443321,0.10741937617133204,0.04404443384286037,0.0,0.006901272500637789,0.03776621630891832,0.04513478457943618,0.03180634588197168,0.06493382203787874,0.035318683272942304,0.012278386503177391,0.0036302336646716698,0.004259545253619603,0.020457488451030483,0.02862930387185528,0.020359840330304156,0.0001912888458174194,0.0,0.0001912888458174194,0.015051159915313129,0.0,0.01848806552243906,0.004321758781943634,0.002524286975263088,0.0,0.12058733572934481,0.031491513811458136,0.0213810574316522,0.01987033488579333,0.008164769846883963,0.009565696114111096,0.021187227285924613,0.0048764179806084235,0.018934292887902,0.013335754822761836,0.01913202159703438,0.056432026227160356,0.0002777452217718372,0.004937493474293471,0.0048152360960253375,0.015717816857163062,0.02006639192321446,0.030905180784500944,0.07370627728606961,0.16922602797350803,0.09333827432555197,0.013283220321098783,0.018686619562050952,0.02655094646137772,0.02894997573681892,0.042016241193485675,0.022201345076480593,0.0,0.02664395922197196,0.050137992086623374,0.018587389025639965,0.020701245597685613,0.043032855676737036,0.0059607910303499274,0.020213211074149962,0.006726426948873141,0.003310180920346851,0.03408211526141072,0.008051178219980788,0.013754818586634646,0.0030511996402101294,0.008051178219980788,0.008164769846883963,0.003310180920346851,0.0051200961866222725,0.0019141580369417676,0.0027893364688781177,0.012331598424756552,0.019477183861420055,0.0019141580369417676,0.0021879116808618273,0.004383850474275064,0.0035026784024813663,0.0002777452217718372,0.0693341668600092
Sweden,0.10641602779921905,0.1270222572581726,0.19874272795410045,0.05911705278041948,0.13178801537955798,0.14969699043071813,0.5695036376137271,0.08944594017616186,0.050246141810184004,0.23007805624231387,0.2720099524505334,0.048431863623561354,0.010496912058449546,0.3398980707712178,0.06258091457840248,0.1845857361373014,0.003183101273102852,0.07327554458603112,0.022456005591791277,0.014784039132492186,0.0067728396477416885,0.0,0.05204633063058961,0.02730886673908526,0.13344435733680818,0.06085459492619386,0.03975882659707503,0.017034361959386318,0.07244522558392898,0.031341743434309684,0.014784039132492186,0.18969665069522818,0.01009447422285256,0.019234846881639317,0.03299224208567587,0.026283373642566624,0.016290171749458574,0.0,0.0,0.05472144249746361,0.030676833113792993,0.11240744738608711,0.06797759751527997,0.0,0.004117171289410649,0.030009129244703083,0.04782386656216531,0.028327161911624443,0.018871260695271928,0.050246141810184004,0.007199522283118914,0.011294689836009031,0.008871619950162673,0.020677447894561787,0.04994475679370505,0.00928195369067567,0.0,0.0,0.001706266543198803,0.018506448481543595,0.0,0.022456005591791277,0.01995844666574874,0.002702874778160173,0.0,0.24809117937404315,0.04164818175131132,0.02730886673908526,0.02280863140946469,0.00845838135767463,0.00928195369067567,0.018871260695271928,0.003183101273102852,0.020677447894561787,0.0054678621024666614,0.015540171835580742,0.08253563332669447,0.0011822473645491645,0.0011822473645491645,0.00845838135767463,0.00845838135767463,0.017034361959386318,0.02280863140946469,0.08574232511983008,0.17378724205201293,0.08865561476952398,0.014403561794404458,0.011294689836009031,0.03299224208567587,0.013251885499764065,0.05204633063058961,0.026283373642566624,0.0,0.024209452866580588,0.09415142679954577,0.013251885499764065,0.026967851047643838,0.018140382371450332,0.0054678621024666614,0.02280863140946469,0.02031851024464444,0.001706266543198803,0.021035282137114232,0.017773033199412577,0.01169022182954798,0.0006293623178237078,0.00804207637058123,0.043209173760043705,0.003183101273102852,0.006342213176912623,0.004117171289410649,0.007199522283118914,0.01009447422285256,0.02280863140946469,0.003183101273102852,0.003654090272714723,0.01009447422285256,0.00502336320082909,0.004117171289410649,0.1487827511031786
Switzerland,0.08672024870898336,0.06868058691444238,0.14735879055685278,0.04346840041392385,0.13698424288401417,0.19223166337970218,0.658837331050979,0.05639232471612851,0.035443771937573046,0.29191168314230415,0.19305195286099439,0.0422550564404778,0.004910133237441101,0.29683321305688026,0.06316367858414913,0.14958511198363855,0.009868120079928835,0.06204705346847697,0.007451220072316784,0.011428409370181473,0.005774332644980757,0.0,0.0642757682026007,0.026368860446899213,0.07888710774927712,0.06703675398511143,0.031617372997260744,0.005774332644980757,0.06758574068860236,0.01809374319534374,0.023671081614441817,0.1415224888497982,0.004024245847888198,0.034811940269420305,0.017376524510211853,0.017376524510211853,0.010652757854772097,0.0,0.0,0.07194080867490564,0.028358540265720412,0.09939584720028154,0.048844146089562876,0.0,0.034811940269420305,0.03670074871035182,0.046471341297122486,0.022301083923481017,0.03226118528541501,0.035443771937573046,0.01295542510120768,0.002161440829809002,0.002161440829809002,0.02091568596411921,0.02091568596411921,0.020216848178487196,0.0,0.0,0.0,0.006620496321924575,0.0,0.015926437403455743,0.004910133237441101,0.0031111431812877333,0.0,0.18728531645303517,0.03226118528541501,0.021610380031573364,0.03417781672404977,0.015926437403455743,0.01809374319534374,0.0398062007804639,0.0,0.02502670730159024,0.014453632423301284,0.016654174832466343,0.06538341585263334,0.0,0.004024245847888198,0.004024245847888198,0.014453632423301284,0.007451220072316784,0.02091568596411921,0.06868058691444238,0.2787424814058017,0.08568633827597756,0.009073676945557687,0.015926437403455743,0.016654174832466343,0.01951370083916536,0.05639232471612851,0.034811940269420305,0.0,0.017376524510211853,0.046471341297122486,0.015926437403455743,0.020216848178487196,0.031617372997260744,0.004910133237441101,0.03918917660479435,0.005774332644980757,0.0011553793678369525,0.017376524510211853,0.009868120079928835,0.009073676945557687,0.0,0.005774332644980757,0.005774332644980757,0.0031111431812877333,0.002161440829809002,0.0011553793678369525,0.0031111431812877333,0.011428409370181473,0.02502670730159024,0.0031111431812877333,0.002161440829809002,0.005774332644980757,0.002161440829809002,0.0,0.08464928291078795
Tunisia,0.026831483206116846,0.043002326803759705,0.14231629960638678,0.022158652217023594,0.10669294461677116,0.13884498503623213,0.7398594368840412,0.05845686642729973,0.04181071435987117,0.1071646737965664,0.13446640293500256,0.02078974705940912,0.06608544314106812,0.35609119268851985,0.017289513702253508,0.13226016704998653,0.013655872179806332,0.03261344917332526,0.02078974705940912,0.028784476588814268,0.015853949731539693,0.0,0.0351147546916792,0.017289513702253508,0.04885561666325288,0.012156376641135789,0.037579020711929124,0.003117858339050513,0.037579020711929124,0.010625061014560927,0.012156376641135789,0.14058408399953376,0.004912948713040522,0.023511688196354352,0.026831483206116846,0.09175052336113614,0.04943195629083249,0.0,0.0,0.06120785572065039,0.054552062050181156,0.0617544204396863,0.012156376641135789,0.0,0.0057741235926907445,0.10384971501607303,0.052858340675650185,0.015127547585169814,0.039404646792829554,0.023511688196354352,0.020098968759286462,0.009056575617063908,0.007443393537116875,0.006616713586879889,0.015853949731539693,0.006616713586879889,0.002168577107886073,0.0,0.0011612207348447503,0.008256163420700329,0.0,0.006616713586879889,0.003117858339050513,0.003117858339050513,0.0,0.09371526113063305,0.013655872179806332,0.011394991881426836,0.041212101910110134,0.009056575617063908,0.006616713586879889,0.019403749687480727,0.0011612207348447503,0.016574507616093543,0.017289513702253508,0.01799923256650033,0.04418665993160204,0.0011612207348447503,0.002168577107886073,0.014394976169914994,0.010625061014560927,0.024182591850215412,0.025513768299185936,0.09615520713575595,0.3223647679789696,0.04711712807702693,0.011394991881426836,0.03134787580663505,0.03386892909209925,0.022158652217023594,0.03696626279652145,0.015853949731539693,0.0,0.03696626279652145,0.05734773881037838,0.015853949731539693,0.01290982681170288,0.004912948713040522,0.004029425492165292,0.004029425492165292,0.003117858339050513,0.002168577107886073,0.004912948713040522,0.002168577107886073,0.0011612207348447503,0.0011612207348447503,0.002168577107886073,0.004029425492165292,0.002168577107886073,0.002168577107886073,0.002168577107886073,0.004029425492165292,0.026174258189171726,0.030071727996118538,0.0011612207348447503,0.013655872179806332,0.0057741235926907445,0.008256163420700329,0.0,0.04943195629083249
Uruguay,0.03814222012734438,0.04014799485775272,0.10931099624856833,0.0493487387154953,0.1123486348333798,0.17830458320020032,0.6399455881918461,0.029283634482991643,0.050709941572879745,0.13623109039742118,0.13633731991044692,0.020038599586450868,0.024348819025865397,0.38819618609563034,0.020201010897587728,0.194054571232969,0.01367131639366504,0.028065525553172464,0.015217847555388023,0.030341633790274852,0.018730793162976413,0.0,0.06418429544440053,0.021492223183935785,0.0493487387154953,0.03317877510500774,0.04283798587025424,0.006562486249661707,0.10863290621561053,0.036841537012271726,0.01470534924810616,0.24694654678277236,0.04297858575569041,0.02852346471821497,0.050845626926530454,0.061075684614720724,0.015896753743826278,0.0,0.0,0.08083923113068577,0.10431171384653695,0.2070687070214171,0.06068460800713407,0.0,0.0005715477026402667,0.04577106205197624,0.06534112273455076,0.061986005446601905,0.1389853894600146,0.06457043239560879,0.029131902372742043,0.009758986590819483,0.006562486249661707,0.02837097334282878,0.01807096604268163,0.01938661919022475,0.0,0.0,0.0,0.01938661919022475,0.0,0.02419176886457668,0.0013154781648641264,0.0024594022305679617,0.0,0.10602300975304757,0.016738619431418578,0.01606571626452623,0.03376997532387386,0.017905364649532234,0.01856621783370778,0.01938661919022475,0.011563227596739058,0.01367131639366504,0.0164027502552443,0.03199014282065076,0.06546936745768259,0.001074473765616417,0.011026897584259433,0.01048644044310507,0.02213264661879985,0.01938661919022475,0.03843004346524697,0.08144848955821307,0.16169727913341342,0.11857964800706605,0.019549969010396205,0.07567609326268192,0.03553161275825836,0.03611496702440898,0.07567609326268192,0.04354003700441325,0.0,0.046878004469723074,0.06457043239560879,0.03213918513369932,0.029737939789729696,0.03243686912536707,0.0033265753759343453,0.0049813694441706476,0.005382536402080061,0.0024594022305679617,0.01487650627492251,0.0041650647933117865,0.006368069571113631,0.0020117042519046014,0.011384895593142126,0.013497751177522414,0.0015514990195123642,0.0020117042519046014,0.0013154781648641264,0.0017833755573793766,0.006756077774536899,0.05976987280226032,0.0020117042519046014,0.0024594022305679617,0.0051824911367873506,0.003538574273571289,0.001074473765616417,0.04269729042463928
arengtina,0.0371512079874258,0.0565728175795794,0.1222475135488271,0.0528106756941306,0.0936953052601579,0.1626008333564187,0.5594437431559909,0.0423114321442609,0.0551525013227451,0.1267960073389076,0.1505625359260612,0.0261041200841978,0.007529427039867,0.4891253496616969,0.0191146012011833,0.2452841895960154,0.021480063643691,0.0184752915046079,0.0214540425031917,0.0477453636660943,0.0313094715489619,0.0,0.0605760465671766,0.0232366927071476,0.0517187997456489,0.0279751037491419,0.0504899088063115,0.0096167662655325,0.1415880760554665,0.0240039922939479,0.0105315146674902,0.1929307332756968,0.013938087847639,0.0141898765188812,0.0519594405148191,0.0704163415874339,0.0231853768813489,0.0,0.0,0.082897745833211,0.0872646100592155,0.1847058421209634,0.0478121570353761,0.0,0.0029336034176251,0.0387161195878507,0.0952710396850004,0.0387858879329255,0.0751147253703303,0.0721055606875753,0.0279503147866597,0.0107071100435839,0.0088993173615347,0.0242842105323412,0.0139100653595234,0.0143015460748925,0.0001073961026922,0.0002036360800917,5.648708266932904e-05,0.0174011246852044,0.0,0.0141619365245675,0.0033165064920468,0.0012062181378791,0.0,0.1057341203111515,0.0226968411590422,0.0179395934707069,0.0398525118723714,0.0212195976895597,0.0165880082015457,0.0190614690309916,0.0177783481269461,0.0163154722673529,0.0141619365245675,0.0256010083550625,0.0398525118723714,0.0006421555074643,0.010237832614444,0.0126960299308517,0.0237998215237145,0.0202508458299417,0.0520905967838524,0.1037381527554091,0.2212501290658121,0.0731590862205559,0.026705486322992,0.101638852065823,0.0380403684120067,0.0366579936954994,0.0531590317839819,0.0390879238340962,0.0,0.0461586924921903,0.0817184192404994,0.0502037070945895,0.0243096554993775,0.0427449457705141,0.0054488521367703,0.0112602328942338,0.0044336091752051,0.0034542990934247,0.0248935554245373,0.0057705593386352,0.007313122475838,0.0031084021751736,0.0183683690410868,0.0107363319749133,0.0018897579864795,0.0017408050998476,0.0037617623409231,0.0098836742599234,0.0167511651060243,0.0600472114726679,0.0176168508586486,0.0057064242828107,0.0044336091752051,0.0045662756470166,0.0035913761308224,0.0573441924475881
asutralia,0.0562599916706095,0.0508489881573502,0.1773058288203368,0.0737603379553068,0.0863531112728475,0.2112243271722149,0.6788325386432112,0.0501097047681173,0.0565603914732904,0.1877380518916397,0.193775804672648,0.0379164626879758,0.0027871667659791,0.3041500547292527,0.0728570948685757,0.1551126391163977,0.0041476348963722,0.0661074452080687,0.0087020267934735,0.014092258876431,0.006440166834795,0.0,0.052625800480398,0.0261807656514801,0.0849962054619148,0.0878663269647044,0.0432774370490879,0.0080166953192573,0.0923660247872888,0.0294570043379906,0.0143282764176631,0.1884264969706307,0.0085314939965688,0.0695593571646081,0.0291119504296757,0.0286968287128881,0.0141710048157322,0.0,0.0,0.0544497832499237,0.0442308912788312,0.121286014995108,0.0589506187610955,0.0,0.0065291525507985,0.0363372547690956,0.0651215769473925,0.0258277143024767,0.0335389540993921,0.0387009522112997,0.0121789561547835,0.006351000609784,0.00767069961548,0.021441538133406,0.0289045347810225,0.0208544848989282,0.0,0.0,0.0005306273866135,0.0138555748264381,0.0,0.0227518575811469,0.00767069961548,0.0025863477886773,0.0,0.1072248806588908,0.0758946984618453,0.0231855144093168,0.0280719432382644,0.0091261366487387,0.0151881700400636,0.0295259200828105,0.0028868733085043,0.0262512668229224,0.011693080163987,0.0201904372812107,0.0812767580856086,0.0007678372235535,0.0055398761211668,0.0091261366487387,0.0087870999317075,0.014954492223213,0.0215878411645062,0.0836336980069127,0.2237766824752876,0.0647145970137455,0.016730884404141,0.0222439824788257,0.0344099974467302,0.0198198180738544,0.0916201384444354,0.0411637531613023,0.0,0.0241199957142214,0.0566204274907811,0.0201904372812107,0.0334045441134296,0.0273045140830824,0.0043366473681907,0.0331353966773763,0.0077574160743496,0.0007678372235535,0.0487480037713047,0.0253318938443947,0.0046180686367412,0.003669775539062,0.009881972761312,0.0060823897593171,0.0032814141786064,0.0131413902726821,0.0087870999317075,0.0043366473681907,0.0092105885503236,0.0329332475233478,0.0030849695971053,0.003669775539062,0.0089568667417711,0.003957437073262,0.0022812889736269,0.1295480966543294
belgium,0.0653757900437983,0.0528223338589849,0.1363704222019753,0.0465958065928089,0.1154454900852258,0.1928030888653716,0.6249830760762491,0.0650907013040632,0.054464149093728,0.2829271905475092,0.1346162757266848,0.0601966586112915,0.0112710230871525,0.2857100788284582,0.0428649893537848,0.1560181996034182,0.0046572127390604,0.0450495395042763,0.0153856099184489,0.0098465064827988,0.0100519368318595,0.0,0.0648053107563061,0.0398610141439343,0.0937495286395233,0.072687025552815,0.0361587769864006,0.0060116574528076,0.0911405742610411,0.0279889075344922,0.0231076896267098,0.1585847762534828,0.0098465064827988,0.0278175557527509,0.0200486705935663,0.0246964120729483,0.0155765288870983,0.0,0.0,0.0719921465874888,0.0401794485472636,0.132148702394852,0.0438041208652997,0.0,0.0030013955893431,0.0578609699421696,0.0361587769864006,0.0387421994407285,0.0363213459195821,0.0472111398517722,0.0126667697343171,0.0032443126380386,0.0053406000867602,0.0216781191867005,0.022573586133016,0.0198661521498557,0.0003416057098562,0.0,0.0003416057098562,0.0073226351376749,0.0,0.0122706919608325,0.0064529600804258,0.0039594224583809,0.0,0.1718727588277409,0.0332057779929753,0.0243450736300472,0.0281600545171369,0.0073226351376749,0.010867138062164,0.0218577536060215,0.0027558684266969,0.0130607990986595,0.0064529600804258,0.011472081739304,0.0462874670798863,0.0,0.0025074693032563,0.0071067356691138,0.0163362217006333,0.0257448013698226,0.0236394888745726,0.0755876978584296,0.3739376435409898,0.0915331809582474,0.0126667697343171,0.0390625500407984,0.0216781191867005,0.0325423692211584,0.0775059573140465,0.0317092371134511,0.0,0.0308716796687764,0.0425509582055204,0.0196833286830542,0.016146885041575,0.044116191357323,0.0318762132041345,0.0260924388831898,0.0032443126380386,0.0039594224583809,0.0124689915131169,0.0044263387209111,0.0169019578709957,0.0030013955893431,0.0064529600804258,0.0030013955893431,0.0020006930621504,0.0027558684266969,0.0012074335650016,0.0022558778555801,0.0092260516483108,0.0351801490880585,0.0032443126380386,0.0034848376111505,0.0071067356691138,0.0030013955893431,0.0,0.0769591217493892
brazil,0.017184218508577,0.0279303850047937,0.068998976241464,0.0261246268609751,0.1289496866306018,0.1499303464408433,0.5751616305510352,0.0119811321272401,0.0178418729436634,0.0964840279045238,0.0979505418962573,0.0367600492247254,0.0083182935557052,0.5340260556104327,0.0221606645291364,0.1102549348691381,0.0070836024088914,0.0241995351174272,0.0095815634662041,0.034217226097718,0.0177788225499732,0.0,0.1298621919828397,0.0190575422600916,0.0368920087528767,0.0271559582714687,0.0412540199493023,0.018614260360522,0.0845198271075271,0.0294325961723223,0.0184702642061276,0.1631579658620158,0.0115892010447412,0.0126520679241938,0.0248067058904336,0.0718711072878559,0.0122032007629249,0.0,0.0,0.1301497501827006,0.1017304749343206,0.1716762109252671,0.0340217916601989,0.0,0.001363350642378,0.0610021938682406,0.1069821846475457,0.1301295056739269,0.0839775675730832,0.1948453000378115,0.0202904489460841,0.0109630831248715,0.0058010379505924,0.0293290813546237,0.0166434595784164,0.0183072478812626,7.804183320746558e-05,0.0001481351891706,0.0003754710579406,0.0093226550162944,0.0,0.0067093137472549,0.0023607151439491,0.0004375126689883,0.0,0.1053656099099188,0.0103588100697487,0.0067314142432508,0.0378294575714404,0.0145271344226339,0.0136279622884434,0.0213758639464785,0.0068637953338508,0.008574598525294,0.0067461419987323,0.0141082746611674,0.0164135214336263,0.0006680675054314,0.0047714401842688,0.0098115662402048,0.0107165355766185,0.0218449286496939,0.0559968789978037,0.075077013851809,0.2077744730189825,0.0465078472898318,0.0226146146353973,0.0640593793402927,0.0469471853555296,0.0630001632327726,0.0644245118453503,0.0409852997522016,0.0,0.0631712848030402,0.0868791054809751,0.0353075681406471,0.0189827502827219,0.0382609370382298,0.0028966651179624,0.0054988799501196,0.0034443270730649,0.0024200331642245,0.0066208046578933,0.0027389849018347,0.0034281527956863,0.0036376504624305,0.007127442252664,0.0086101034703491,0.0013905263571977,0.0012264938632323,0.0012081165593451,0.0021215142303337,0.017203249898997,0.0411304543305616,0.0028966651179624,0.0027556366221471,0.0028304113279368,0.0038056902188923,0.0013724161723977,0.0208620210891433
colombia,0.0353455260652129,0.0399457551957675,0.1127406603261218,0.0379579765281941,0.09912098523956,0.2491087375940598,0.5009345566325702,0.0413975954366456,0.051389217299497,0.1113773089773965,0.1371192016496084,0.0313528506831229,0.0066414660941163,0.5256547318813081,0.036409123567242,0.1329771227814949,0.0089883689677788,0.0320067660698445,0.0146912297812796,0.0240837984022267,0.0147745390729096,0.0,0.0734936002306827,0.0198837721128596,0.0396679998141369,0.0335944902087922,0.0227768596921482,0.0082174792266618,0.1136108700294128,0.059672575203983,0.0184496683914238,0.1851466342722891,0.0203971604538077,0.0211434354492448,0.0552737150216518,0.0454898272421782,0.0308424268324168,0.0,0.0,0.1162917415287345,0.0928440297848023,0.1623174691556176,0.047104989953892,0.0,0.0039637446031903,0.0561143590570677,0.1324307474495124,0.0627747776809583,0.1156974579998267,0.0391809723721027,0.0238541159946043,0.0093476549641555,0.0101042862515893,0.0316801345844512,0.0209082808539413,0.0134741827960666,8.222055126992708e-05,0.0003626213854879,0.0003626213854879,0.0158506609973224,0.0,0.018529837392535,0.0039637446031903,0.0016838372023971,0.0,0.1302126238634353,0.0270723181720444,0.0178464593199921,0.0391461377924913,0.0186499785867073,0.028005089076305,0.0544302406359084,0.0115055493969953,0.0196460401524023,0.0167517125002197,0.0207512506877469,0.050697167113706,0.0006208476987869,0.0097938251004797,0.0130928693410388,0.0274087995689228,0.0340249439892001,0.0550144882798104,0.1084995148933835,0.2588169344703038,0.1006389814413326,0.0308424268324168,0.0587156836941251,0.0730685427371371,0.0506641615857645,0.0684148592108179,0.0477410786689701,0.0,0.03109784040501,0.0761521711102393,0.0355587488116436,0.0330188641473692,0.0857856633372433,0.0065471549919703,0.013937862426807,0.0077589674176318,0.0030376192340723,0.0328024999689275,0.0095265062563177,0.0067355843997518,0.0015707000731315,0.0084452986070728,0.029374987431786,0.0050580156168519,0.0032981709149028,0.0023458084127897,0.0036073599303917,0.0134319020581943,0.0568878694964628,0.0050090289582554,0.002721101875813,0.004812412823104,0.0068295129452953,0.0011665281538136,0.0498043781361396
costa_rica,0.0210661446511042,0.0197617498068822,0.0870993875996618,0.0338179245079322,0.1386945934015903,0.1494992293044365,0.6786395084838739,0.0771640610050516,0.0734492719671918,0.0754217695935497,0.0987776684039878,0.0200529559787182,0.003051400539736,0.3613027838058804,0.0330281158570436,0.0866784285463937,0.003051400539736,0.0412706358707626,0.0092616293426843,0.0155949151766228,0.0060104517663582,0.0,0.0667736905410035,0.0201982670065478,0.0271089154645407,0.0243343579733869,0.016803801185996,0.0041943284112777,0.0553775232002983,0.0422750886167009,0.0134383532947502,0.150395611688008,0.0118614797060875,0.0146774174886203,0.0396269430176837,0.0355162806308256,0.0191769539263314,0.0,0.0,0.059465724659132,0.0924199537984383,0.175090005656455,0.0483191417951417,0.0,0.0018470941507666,0.061542115364634,0.069797469384248,0.0732292764052247,0.0882542273137468,0.0839286975232791,0.0149843290837585,0.0070608946282768,0.0056543880726021,0.0227823890595158,0.0237722524645377,0.032366963349022,0.0,0.0,0.0,0.0128115492327563,0.0,0.0212101404320219,0.0012087296052729,0.0009876060763647,0.0,0.0997923646685779,0.0212101404320219,0.0154426655224571,0.0339491871841164,0.0099215896160705,0.0229242909244249,0.0731192156503242,0.0151373755291338,0.0140602260785704,0.0137498898684618,0.0140602260785704,0.0415222435809854,0.000525832538673,0.0079183776543587,0.0087617375019812,0.0206330511956081,0.0277937400825721,0.0310362581981574,0.1047233877703187,0.3631940697446965,0.0955108508190767,0.0206330511956081,0.0374550561668962,0.0330281158570436,0.0349955472457019,0.0820109949811221,0.0525329082844199,0.0,0.0240536195742496,0.0588858761966921,0.0220703436510979,0.0239130151446725,0.0212101404320219,0.0012087296052729,0.0199074507939753,0.0087617375019812,0.0022573117080924,0.0230660265691896,0.0045653153914099,0.0043803722142131,0.0014252009444354,0.0063634325873637,0.0072336082256112,0.0014252009444354,0.0012087296052729,0.000525832538673,0.0045653153914099,0.0769468322921157,0.0592339481095662,0.0054751324623296,0.0022573117080924,0.0067135234750893,0.0139052060827067,0.0009876060763647,0.0227823890595158
croatia,0.0834159483037921,0.0924882698201215,0.2332410113572483,0.0693123608344295,0.0834159483037921,0.1712422757784487,0.6565157950811817,0.0486817451646152,0.0440669319563276,0.2345019855150047,0.2127108289283442,0.0236184492393764,0.0034180388213779,0.3404657925578001,0.0379763527222646,0.158928956974003,0.0072612050579638,0.0453956613678574,0.0190054317810483,0.0862771418086208,0.0053891642943513,0.0,0.0834159483037921,0.065069764161131,0.0776171855076132,0.0776171855076132,0.0480284778380033,0.0044188148601225,0.0638456349013304,0.0190054317810483,0.0150042673438458,0.1282608012041449,0.0044188148601225,0.016624499822897,0.008169881696084,0.0182179170565997,0.0182179170565997,0.0,0.0,0.0433993604199142,0.0251184172715127,0.0862771418086208,0.0506301966894463,0.0,0.0023763444361015,0.0243705840627276,0.0280695589443877,0.0197872100699369,0.0221006249167404,0.0190054317810483,0.0034180388213779,0.0023763444361015,0.0141830761738802,0.0090634664386297,0.0174243788411287,0.0108117585681899,0.0,0.0,0.0,0.0236184492393764,0.0,0.0190054317810483,0.0034180388213779,0.0044188148601225,0.0,0.2519009125197973,0.0266017625126259,0.0158179273815422,0.0158179273815422,0.0053891642943513,0.0063352666246351,0.0251184172715127,0.0044188148601225,0.0243705840627276,0.0072612050579638,0.0251184172715127,0.0473732681756329,0.0,0.008169881696084,0.0072612050579638,0.0063352666246351,0.0158179273815422,0.0158179273815422,0.0519199931154301,0.1693667826669283,0.0693123608344295,0.0141830761738802,0.0174243788411287,0.0174243788411287,0.0190054317810483,0.0570103029054537,0.0221006249167404,0.0,0.0182179170565997,0.0400278246824739,0.0133538510736457,0.0141830761738802,0.0486817451646152,0.0053891642943513,0.0108117585681899,0.008169881696084,0.0012716407210709,0.0182179170565997,0.0090634664386297,0.0063352666246351,0.0,0.0063352666246351,0.0072612050579638,0.0012716407210709,0.0,0.0034180388213779,0.0053891642943513,0.008169881696084,0.0197872100699369,0.0,0.0034180388213779,0.0034180388213779,0.0012716407210709,0.0,0.1383740163798605
denmark,0.1026685183647032,0.1313627619378356,0.1688941777358183,0.075999499289449,0.1355769573902001,0.1561015398571958,0.56656577887687,0.0705069036517287,0.0557078541764313,0.2662181547494292,0.2591239394504608,0.0412091772148013,0.0,0.3482854570327944,0.0749088995058752,0.1898366473778493,0.0011820045440351,0.0776282532614085,0.021343722787431,0.0248439765580803,0.0076123341416629,0.0,0.0770862771882033,0.0393249608743134,0.0950322308267372,0.0649095965496996,0.0710607128091223,0.0050181593948756,0.0919326328773756,0.0255327973383358,0.0139955334762468,0.1801058133385172,0.0124532802160885,0.0162578216035609,0.0220517015150962,0.0162578216035609,0.0124532802160885,0.0,0.0,0.048576481018224,0.030926764105913,0.1071776822717726,0.0609234110965335,0.0,0.0132281038931726,0.021343722787431,0.0315877300783118,0.0184673913631723,0.030926764105913,0.0399550730563008,0.0041134507726012,0.0,0.0022103672371854,0.0162578216035609,0.0206314803478773,0.0116705334244671,0.0,0.0,0.0,0.0116705334244671,0.0,0.0227555745197888,0.0220517015150962,0.0059005519949746,0.0,0.2220705545945667,0.0386927574518553,0.0220517015150962,0.0335546620068774,0.0116705334244671,0.0092681095353269,0.0184673913631723,0.0031807387738146,0.0275788896536052,0.0059005519949746,0.0184673913631723,0.1184750427122755,0.0,0.0067643865861413,0.0162578216035609,0.0386927574518553,0.0100787258614529,0.0227555745197888,0.0716134861648187,0.200639915459008,0.0929688143539142,0.0184673913631723,0.0986153151335243,0.0295964480403094,0.0155100068351788,0.0649095965496996,0.0329016161469813,0.0,0.0108792528846401,0.0557078541764313,0.0155100068351788,0.0124532802160885,0.0116705334244671,0.0041134507726012,0.0100787258614529,0.0076123341416629,0.0011820045440351,0.0108792528846401,0.0108792528846401,0.0184673913631723,0.0041134507726012,0.0132281038931726,0.0041134507726012,0.0084463917465713,0.0050181593948756,0.0022103672371854,0.0,0.0031807387738146,0.0139955334762468,0.0022103672371854,0.0050181593948756,0.0031807387738146,0.0108792528846401,0.0011820045440351,0.1266336524340713
egypt,0.0405467814074183,0.0461502998433585,0.0672248637771074,0.0216494840470874,0.1357895444901931,0.0812133966908416,0.909752633994586,0.0456556608644609,0.0250193744053408,0.0549651084741049,0.0572649731279963,0.0243864440063948,0.0035731293350808,0.2344466116525295,0.0104759334276429,0.0562980239091676,0.003248738500085,0.0273566738431303,0.0095320266490962,0.0078409800785732,0.0052712636081136,0.0,0.0162793172924457,0.0133775034036879,0.0287198978410355,0.0086529530233325,0.0130400688684881,0.0012309845377672,0.0296853646791975,0.0205841229184119,0.0052277172544266,0.1040091663924971,0.006428183776561,0.0131902279257309,0.0207566694493006,0.0265713584521544,0.0111358806917076,0.0,0.0,0.0592413424146922,0.0537361670177118,0.0711883428422108,0.0112130777138173,0.0,0.0011779719437594,0.0703272894173793,0.047049076412739,0.025185394179937,0.0100058440993947,0.012927249395472,0.0083297080244144,0.002048487518129,0.0057468350192369,0.0038023117018458,0.0039388805977399,0.005703853337149,0.0,0.0,0.0001442526108385,0.0041650154320387,0.0,0.0030613636203312,0.0011779719437594,0.0007419977726325,0.0,0.0776489276969772,0.0100058440993947,0.0059182789583426,0.0214440986942177,0.0050529846652276,0.0087736611178849,0.0187372793047258,0.0031552425863749,0.0056608225542864,0.0048773507122579,0.005703853337149,0.0165676833178332,0.00051329945213,0.0019489316276794,0.0035270477416725,0.0042998484000657,0.0070985313166952,0.0229753701821082,0.0641912263974365,0.1307839359071854,0.0163154143388227,0.0075124458133473,0.0107873504322142,0.0298776594703927,0.0170343109354766,0.0174272968904695,0.0104368969094966,0.0,0.0119038469374049,0.0227385283119766,0.0102021562824374,0.0044786829319139,0.0102021562824374,0.0023435515241196,0.0038934335590313,0.0026337902667533,0.0006288053413949,0.0038023117018458,0.0011779719437594,0.0016461579817596,0.0005713722078662,0.0044786829319139,0.0029670883881009,0.0009082687551392,0.0004545067244944,0.0005713722078662,0.0009082687551392,0.022399330567905,0.0207221824962205,0.0007978532213636,0.0025375403292757,0.0011779719437594,0.0026337902667533,0.0006856630415503,0.0390429719258453
england,0.0583693522309027,0.0485072895303532,0.1526310784855694,0.0625588941712611,0.0683443248841878,0.2330461358042603,0.7309564846093706,0.0486386096087682,0.0560614732094301,0.1570763126557026,0.2031459291220413,0.0296936762970349,0.0029973341902028,0.2608188518808572,0.0362324540678057,0.1594138854383626,0.0033880909525637,0.065098772633311,0.0164176066220195,0.0117618556443642,0.0053446682887088,0.0,0.050537911794134,0.017159184474362,0.0689291076512469,0.0500703485315928,0.0282145564239896,0.0056393948261815,0.0657984884961637,0.0288613363895964,0.0158720010603864,0.1459322281533029,0.008694734765817,0.0218182452889447,0.0224245548290738,0.0190358704952547,0.0127843278137577,0.0,0.0,0.0443567303569892,0.03229023747348,0.1362471685342508,0.0623035743805659,0.0,0.0051735826047414,0.0226950550404751,0.0446716605868826,0.0216093975203796,0.0243947228114547,0.0466604503619754,0.0150619914641455,0.0060103263357591,0.0124150385602117,0.0298561740406195,0.0248914046179763,0.0201276442445197,0.0003750089821427,0.0001134807628768,0.0005732463442946,0.0105400271920446,0.0,0.020944059210213,0.0052078631605079,0.0012289593547094,0.0,0.1411649088067449,0.0237175943898573,0.0215730384772279,0.0250329695264239,0.0090956870886893,0.0139407976246732,0.03229023747348,0.0037609995359953,0.0259670660979599,0.0110517535177488,0.0187472057727444,0.0742374904044143,0.0001817919646723,0.005310514107948,0.0069182363541475,0.0097024506555723,0.0199802425261034,0.018998667503816,0.0710442735986527,0.2229195233438501,0.0645058577850009,0.0122447606861302,0.0161882657363093,0.0255713078202201,0.0176221858126044,0.1179615059350102,0.0474694103675778,0.0,0.0259319342714333,0.0652937186211447,0.0179891730528491,0.0240031367284522,0.0289645581765891,0.0023727863790704,0.0224967468980086,0.0058421430425325,0.0017133208286566,0.0179515944419549,0.0105503001287225,0.0045740507643631,0.0014196016502474,0.0064333964013293,0.0045856800229648,0.0024992300443322,0.0044108044730743,0.0049672148693771,0.0049672148693771,0.0158911993551584,0.0196016257946389,0.0028491084954329,0.0032057064189709,0.0065108806989441,0.0034606780220188,0.001311057126311,0.1145581133779131
